Workbook

Sheet Mode d'emploi
A1: MODÈLE QUALIOPI · BASE DOCUMENTAIRE
A3: Bilan annuel des indicateurs Qualiopi
A4: Tableau de bord pour publier vos indicateurs sur 3 années glissantes
A8: À QUOI SERT CE FICHIER
A10: Ce classeur permet de centraliser, suivre et publier vos indicateurs de résultats exigés par l'indicateur 2 du Référentiel National Qualité. Les chiffres saisis ici alimentent votre page « Nos résultats » sur votre site web et les fiches prestation.
A12: COMMENT L'UTILISER
A14: 1. Allez dans l'onglet « Saisie données » et remplissez les cellules en bleu clair pour l'année en cours.
A15: 2. L'onglet « Bilan synthèse » se met à jour automatiquement avec calculs de taux et évolutions.
A16: 3. L'onglet « Publication site web » donne une version prête à recopier sur votre page « Nos résultats ».
A17: 4. Cellules grisées = formules à ne pas modifier. Cellules bleu clair = à remplir.
A18: 5. Conservez ce fichier mis à jour. À chaque nouvelle session, complétez les données.
A21: INDICATEURS QUALIOPI COUVERTS
A23: Ind. 2 (Majeure) | B23: Publication des résultats obtenus (satisfaction, assiduité, abandons)
A24: Ind. 11 | B24: Évaluation des acquis — alimente les taux de réussite
A25: Ind. 12 | B25: Suivi et prévention des abandons
A26: Ind. 22 | B26: Taux de réussite à la certification (si applicable)
A27: Ind. 29 (Majeure CFA) | B27: Taux d'insertion professionnelle (CFA uniquement)
A28: Ind. 30 | B28: Recueil des appréciations à chaud et à froid

Sheet Saisie données
A1: MODÈLE QUALIOPI · BASE DOCUMENTAIRE
A3: Saisie des données par session
A4: Renseignez les cellules bleu clair pour chaque session de formation
A8: Année | B8: Intitulé formation | C8: Catégorie (AF/BC/VAE/CFA) | D8: Effectif entrée | E8: Effectif fin | F8: Abandons | G8: Présents à l'évaluation | H8: Réussite évaluation | I8: Satisfaction moyenne /10 | J8: Insertion N+6 (CFA) | K8: Commentaires
A9: 2026 | B9: Stratégie communication digitale | C9: AF | D9: 8 | E9: 7 | F9: 1 | G9: 7 | H9: 6 | I9: 8.4 | K9: Exemple à remplacer — session pilote janvier 2026
A31: Note RNQ | B31: Indicateur 2 (Majeure) — Tenez ce tableau à jour à chaque fin de session. Les chiffres alimentent automatiquement la synthèse et la version publication site. La méthodologie de calcul doit pouvoir être expliquée en audit.

Sheet Bilan synthèse
A1: MODÈLE QUALIOPI · BASE DOCUMENTAIRE
A3: Bilan synthèse annuel
A4: Calculs automatiques à partir de la feuille « Saisie données »
A8: INDICATEURS PAR ANNÉE
A10: Indicateur | B10: Année N-2 | C10: Année N-1 | D10: Année N | E10: Évolution N/N-1 | F10: Commentaire
A11: Année calendaire | B11: 2024 | C11: 2025 | D11: 2026
A12: Nb sessions | B12: =COUNTIF('Saisie données'!$A$9:$A$28, B$11) -> 0 | C12: =COUNTIF('Saisie données'!$A$9:$A$28, C$11) -> 0 | D12: =COUNTIF('Saisie données'!$A$9:$A$28, D$11) -> 1 | E12: =IFERROR((D12-C12)/C12, "")
A13: Nb stagiaires entrants | B13: =SUMIF('Saisie données'!$A$9:$A$28, B$11, 'Saisie données'!$D$9:$D$28) -> 0 | C13: =SUMIF('Saisie données'!$A$9:$A$28, C$11, 'Saisie données'!$D$9:$D$28) -> 0 | D13: =SUMIF('Saisie données'!$A$9:$A$28, D$11, 'Saisie données'!$D$9:$D$28) -> 8 | E13: =IFERROR((D13-C13)/C13, "")
A14: Nb stagiaires fin | B14: =SUMIF('Saisie données'!$A$9:$A$28, B$11, 'Saisie données'!$E$9:$E$28) -> 0 | C14: =SUMIF('Saisie données'!$A$9:$A$28, C$11, 'Saisie données'!$E$9:$E$28) -> 0 | D14: =SUMIF('Saisie données'!$A$9:$A$28, D$11, 'Saisie données'!$E$9:$E$28) -> 7 | E14: =IFERROR((D14-C14)/C14, "")
A15: Taux d'assiduité | B15: =IFERROR(SUMIFS('Saisie données'!$E$9:$E$28, 'Saisie données'!$A$9:$A$28, B$11) / SUMIFS('Saisie données'!$D$9:$D$28, 'Saisie données'!$A$9:$A$28, B$11), "") | C15: =IFERROR(SUMIFS('Saisie données'!$E$9:$E$28, 'Saisie données'!$A$9:$A$28, C$11) / SUMIFS('Saisie données'!$D$9:$D$28, 'Saisie données'!$A$9:$A$28, C$11), "") | D15: =IFERROR(SUMIFS('Saisie données'!$E$9:$E$28, 'Saisie données'!$A$9:$A$28, D$11) / SUMIFS('Saisie données'!$D$9:$D$28, 'Saisie données'!$A$9:$A$28, D$11), "") -> 0.875 | E15: =IFERROR((D15-C15)/C15, "")
A16: Taux d'abandon | B16: =IFERROR(SUMIFS('Saisie données'!$F$9:$F$28, 'Saisie données'!$A$9:$A$28, B$11) / SUMIFS('Saisie données'!$D$9:$D$28, 'Saisie données'!$A$9:$A$28, B$11), "") | C16: =IFERROR(SUMIFS('Saisie données'!$F$9:$F$28, 'Saisie données'!$A$9:$A$28, C$11) / SUMIFS('Saisie données'!$D$9:$D$28, 'Saisie données'!$A$9:$A$28, C$11), "") | D16: =IFERROR(SUMIFS('Saisie données'!$F$9:$F$28, 'Saisie données'!$A$9:$A$28, D$11) / SUMIFS('Saisie données'!$D$9:$D$28, 'Saisie données'!$A$9:$A$28, D$11), "") -> 0.125 | E16: =IFERROR((D16-C16)/C16, "")
A17: Taux de réussite éval. | B17: =IFERROR(SUMIFS('Saisie données'!$H$9:$H$28, 'Saisie données'!$A$9:$A$28, B$11) / SUMIFS('Saisie données'!$G$9:$G$28, 'Saisie données'!$A$9:$A$28, B$11), "") | C17: =IFERROR(SUMIFS('Saisie données'!$H$9:$H$28, 'Saisie données'!$A$9:$A$28, C$11) / SUMIFS('Saisie données'!$G$9:$G$28, 'Saisie données'!$A$9:$A$28, C$11), "") | D17: =IFERROR(SUMIFS('Saisie données'!$H$9:$H$28, 'Saisie données'!$A$9:$A$28, D$11) / SUMIFS('Saisie données'!$G$9:$G$28, 'Saisie données'!$A$9:$A$28, D$11), "") -> 0.85714286 | E17: =IFERROR((D17-C17)/C17, "")
A18: Satisfaction moyenne /10 | B18: =IFERROR(AVERAGEIFS('Saisie données'!$I$9:$I$28, 'Saisie données'!$A$9:$A$28, B$11), "") | C18: =IFERROR(AVERAGEIFS('Saisie données'!$I$9:$I$28, 'Saisie données'!$A$9:$A$28, C$11), "") | D18: =IFERROR(AVERAGEIFS('Saisie données'!$I$9:$I$28, 'Saisie données'!$A$9:$A$28, D$11), "") -> 8.4 | E18: =IFERROR((D18-C18)/C18, "")
A19: Taux d'insertion CFA N+6 | B19: =IFERROR(AVERAGEIFS('Saisie données'!$J$9:$J$28, 'Saisie données'!$A$9:$A$28, B$11, 'Saisie données'!$C$9:$C$28, "CFA"), "") | C19: =IFERROR(AVERAGEIFS('Saisie données'!$J$9:$J$28, 'Saisie données'!$A$9:$A$28, C$11, 'Saisie données'!$C$9:$C$28, "CFA"), "") | D19: =IFERROR(AVERAGEIFS('Saisie données'!$J$9:$J$28, 'Saisie données'!$A$9:$A$28, D$11, 'Saisie données'!$C$9:$C$28, "CFA"), "") | E19: =IFERROR((D19-C19)/C19, "")
A22: Note RNQ | B22: L'évolution N/N-1 permet d'identifier les tendances. Une baisse significative (>10 %) doit alimenter un plan d'action que l'auditeur peut demander à voir (Ind. 32 amélioration continue).

Sheet Publication site web
A1: MODÈLE QUALIOPI · BASE DOCUMENTAIRE
A3: Version publication site web
A4: Texte prêt à recopier sur votre page « Nos résultats »
A8: INDICATEURS DE RÉSULTATS
A10: Indicateur | B10: Valeur | C10: Période | D10: Méthodologie
A11: Nombre total de stagiaires formés | B11: ='Bilan synthèse'!D13 -> 8 | C11: ='Bilan synthèse'!D11 -> 2026 | D11: Stagiaires entrants sur l'année calendaire
A12: Taux d'assiduité | B12: ='Bilan synthèse'!D15 -> 0.875 | C12: ='Bilan synthèse'!D11 -> 2026 | D12: Heures suivies / heures contractualisées
A13: Taux de réussite à l'évaluation | B13: ='Bilan synthèse'!D17 -> 0.85714286 | C13: ='Bilan synthèse'!D11 -> 2026 | D13: Stagiaires ayant validé / stagiaires évalués
A14: Satisfaction des bénéficiaires (sur 10) | B14: ='Bilan synthèse'!D18 -> 8.4 | C14: ='Bilan synthèse'!D11 -> 2026 | D14: Moyenne des notes globales de satisfaction
A15: Taux d'insertion à N+6 mois (CFA) | B15: ='Bilan synthèse'!D19 | C15: ='Bilan synthèse'!D11 -> 2026 | D15: Apprentis en emploi 6 mois après fin de contrat
A18: Note RNQ | B18: Recopiez ces indicateurs (libellé + valeur + période + méthodologie) sur votre page « Nos résultats ». Mettez à jour à chaque fin d'année calendaire. La date de mise à jour du site doit refléter celle de votre dernière mise à jour de données.
