Workbook

Sheet 🗂 Mode d'emploi
B2: MATRICE « QUI FORME SUR QUOI »
B3: Modèle M39 — Vue d'ensemble équipe/modules — Ind. 21 (Majeure)
B6: À QUOI SERT CE DOCUMENT
C7: Matrice croisée intervenants × modules/actions. C'est LE document que l'auditeur scrute en premier (« 80% des questions évitées » — PDF officiel). Pour chaque case : niveau de maîtrise et habilitation. Permet de croiser visuellement les compétences disponibles et les prestations proposées au catalogue.
B9: STRUCTURE DU CLASSEUR
B10: 👥 Annuaire équipe | C10: Liste exhaustive des intervenants — statut, dossier à jour, certifications.
B11: 📊 Matrice compétences | C11: Croisé intervenants × modules — niveau de maîtrise par case.
B12: 📋 Synthèse couverture | C12: Vue d'ensemble : quels modules sont bien couverts, lesquels sont à risque (1 seul formateur).
B14: LÉGENDE — NIVEAU DE MAÎTRISE
B15: ◉ Référent | C15: Maîtrise experte — peut concevoir, animer, évaluer, former d'autres formateurs
B16: ● Habilité | C16: Maîtrise opérationnelle — anime en autonomie en respectant le cadre validé
B17: ◐ En cours | C17: En période d'intégration — anime en co-animation ou supervision
B18: ○ Non habilité | C18: Pas d'habilitation pour ce module
B20: 💡 Ind. 21 | C20: « Tenez une matrice « qui forme sur quoi » sous forme de tableau : c'est le document que l'auditeur scrute en premier. Une matrice claire évite 80 % des questions. » — Citation directe du PDF officiel. Obligatoire pour les équipes >3 personnes. Mise à jour à chaque évolution équipe.

Sheet 👥 Annuaire équipe
B2: 👥 ANNUAIRE DE L'ÉQUIPE PÉDAGOGIQUE
B3: Liste exhaustive des intervenants — salariés + sous-traitants
B6: N° | C6: Nom Prénom | D6: Statut | E6: Fonction | F6: Entré le | G6: CV à jour | H6: Qualiopi (si ST) | I6: RC Pro valide
B7: 01 | C7: DUBOIS Claire | D7: Salarié CDI | E7: Responsable pédagogique | F7: 01/09/22 | G7: ✓ Oui | H7: N/A | I7: ✓ Oui
B8: 02 | C8: MARTIN Olivier | D8: Salarié CDI | E8: Formateur sénior | F8: 15/01/23 | G8: ✓ Oui | H8: N/A | I8: ✓ Oui
B9: 03 | C9: BERNARD Sophie | D9: Sous-traitant | E9: Formatrice BC | F9: 01/03/24 | G9: ✓ Oui | H9: ✓ Oui | I9: ✓ Oui
B10: 04 | C10: LEROY Marc | D10: Indépendant | E10: Formateur expert | F10: 10/09/24 | G10: ✓ Oui | H10: ✓ Oui | I10: ✓ Oui
B11: 05 | C11: PETIT Marie | D11: Sous-traitant | E11: Accompagnatrice VAE | F11: 05/01/25 | G11: ✓ Oui | H11: Régime micro | I11: ✓ Oui

Sheet 📊 Matrice compétences
B2: 📊 MATRICE COMPÉTENCES — Modules × Intervenants
B3: Saisir le niveau de maîtrise dans chaque case (◉ Référent · ● Habilité · ◐ En cours · ○ Non habilité)
B6: MODULE / ACTION | C6: ='👥 Annuaire équipe'!C7 -> DUBOIS Claire | D6: ='👥 Annuaire équipe'!C8 -> MARTIN Olivier | E6: ='👥 Annuaire équipe'!C9 -> BERNARD Sophie | F6: ='👥 Annuaire équipe'!C10 -> LEROY Marc | G6: ='👥 Annuaire équipe'!C11 -> PETIT Marie | H6: ='👥 Annuaire équipe'!C12 -> 0 | I6: ='👥 Annuaire équipe'!C13 -> 0 | J6: ='👥 Annuaire équipe'!C14 -> 0
B7: AF — Communication interpersonnelle | C7: ◉ Référent | D7: ● Habilité | E7: ○ Non habilité | F7: ◐ En cours | G7: ○ Non habilité | H7: ○ Non habilité | I7: ○ Non habilité | J7: ○ Non habilité
B8: AF — Gestion du stress et bien-être au travail | C8: ● Habilité | D8: ◉ Référent | E8: ● Habilité | F8: ○ Non habilité | G8: ○ Non habilité | H8: ○ Non habilité | I8: ○ Non habilité | J8: ○ Non habilité
B9: AF — Management de proximité | C9: ○ Non habilité | D9: ● Habilité | E9: ◉ Référent | F9: ○ Non habilité | G9: ○ Non habilité | H9: ○ Non habilité | I9: ○ Non habilité | J9: ○ Non habilité
B10: AF — Pack Office (Excel, Word, PowerPoint) | C10: ○ Non habilité | D10: ○ Non habilité | E10: ○ Non habilité | F10: ◉ Référent | G10: ○ Non habilité | H10: ○ Non habilité | I10: ○ Non habilité | J10: ○ Non habilité
B11: BC — Bilan de compétences (phase préliminaire) | C11: ○ Non habilité | D11: ○ Non habilité | E11: ○ Non habilité | F11: ○ Non habilité | G11: ◉ Référent | H11: ○ Non habilité | I11: ○ Non habilité | J11: ○ Non habilité
B12: BC — Bilan de compétences (phase investigation) | C12: ○ Non habilité | D12: ○ Non habilité | E12: ○ Non habilité | F12: ○ Non habilité | G12: ◉ Référent | H12: ○ Non habilité | I12: ○ Non habilité | J12: ○ Non habilité
B13: BC — Bilan de compétences (phase conclusion) | C13: ○ Non habilité | D13: ○ Non habilité | E13: ○ Non habilité | F13: ○ Non habilité | G13: ◉ Référent | H13: ○ Non habilité | I13: ○ Non habilité | J13: ○ Non habilité
B14: VAE — Accompagnement candidat VAE | C14: ○ Non habilité | D14: ○ Non habilité | E14: ○ Non habilité | F14: ○ Non habilité | G14: ○ Non habilité | H14: ○ Non habilité | I14: ◉ Référent | J14: ○ Non habilité
B15: CFA — BTS [ Intitulé ] · Bloc 1 | C15: ○ Non habilité | D15: ● Habilité | E15: ○ Non habilité | F15: ○ Non habilité | G15: ○ Non habilité | H15: ◐ En cours | I15: ○ Non habilité | J15: ○ Non habilité
B16: CFA — BTS [ Intitulé ] · Bloc 2 | C16: ○ Non habilité | D16: ○ Non habilité | E16: ● Habilité | F16: ○ Non habilité | G16: ○ Non habilité | H16: ◐ En cours | I16: ○ Non habilité | J16: ○ Non habilité

Sheet 📋 Synthèse couverture
B2: 📋 SYNTHÈSE DE LA COUVERTURE PÉDAGOGIQUE
B3: Analyse module par module : suffisance de la couverture + alertes mono-formateur
B6: Module / Action | C6: Nb référents | D6: Nb habilités | E6: Statut couverture
B7: ='📊 Matrice compétences'!B7 -> AF — Communication interpersonnelle | C7: =COUNTIF('📊 Matrice compétences'!C7:J7,"◉ Référent") -> 1 | D7: =COUNTIF('📊 Matrice compétences'!C7:J7,"◉ Référent")+COUNTIF('📊 Matrice compétences'!C7:J7,"● Habilité") -> 2 | E7: =IF(D7>=2,"✓ Couverture OK",IF(D7=1,"⚠ Mono-formateur","❌ Non couvert")) -> ✓ Couverture OK
B8: ='📊 Matrice compétences'!B8 -> AF — Gestion du stress et bien-être au travail | C8: =COUNTIF('📊 Matrice compétences'!C8:J8,"◉ Référent") -> 1 | D8: =COUNTIF('📊 Matrice compétences'!C8:J8,"◉ Référent")+COUNTIF('📊 Matrice compétences'!C8:J8,"● Habilité") -> 3 | E8: =IF(D8>=2,"✓ Couverture OK",IF(D8=1,"⚠ Mono-formateur","❌ Non couvert")) -> ✓ Couverture OK
B9: ='📊 Matrice compétences'!B9 -> AF — Management de proximité | C9: =COUNTIF('📊 Matrice compétences'!C9:J9,"◉ Référent") -> 1 | D9: =COUNTIF('📊 Matrice compétences'!C9:J9,"◉ Référent")+COUNTIF('📊 Matrice compétences'!C9:J9,"● Habilité") -> 2 | E9: =IF(D9>=2,"✓ Couverture OK",IF(D9=1,"⚠ Mono-formateur","❌ Non couvert")) -> ✓ Couverture OK
B10: ='📊 Matrice compétences'!B10 -> AF — Pack Office (Excel, Word, PowerPoint) | C10: =COUNTIF('📊 Matrice compétences'!C10:J10,"◉ Référent") -> 1 | D10: =COUNTIF('📊 Matrice compétences'!C10:J10,"◉ Référent")+COUNTIF('📊 Matrice compétences'!C10:J10,"● Habilité") -> 1 | E10: =IF(D10>=2,"✓ Couverture OK",IF(D10=1,"⚠ Mono-formateur","❌ Non couvert")) -> ⚠ Mono-formateur
B11: ='📊 Matrice compétences'!B11 -> BC — Bilan de compétences (phase préliminaire) | C11: =COUNTIF('📊 Matrice compétences'!C11:J11,"◉ Référent") -> 1 | D11: =COUNTIF('📊 Matrice compétences'!C11:J11,"◉ Référent")+COUNTIF('📊 Matrice compétences'!C11:J11,"● Habilité") -> 1 | E11: =IF(D11>=2,"✓ Couverture OK",IF(D11=1,"⚠ Mono-formateur","❌ Non couvert")) -> ⚠ Mono-formateur
B12: ='📊 Matrice compétences'!B12 -> BC — Bilan de compétences (phase investigation) | C12: =COUNTIF('📊 Matrice compétences'!C12:J12,"◉ Référent") -> 1 | D12: =COUNTIF('📊 Matrice compétences'!C12:J12,"◉ Référent")+COUNTIF('📊 Matrice compétences'!C12:J12,"● Habilité") -> 1 | E12: =IF(D12>=2,"✓ Couverture OK",IF(D12=1,"⚠ Mono-formateur","❌ Non couvert")) -> ⚠ Mono-formateur
B13: ='📊 Matrice compétences'!B13 -> BC — Bilan de compétences (phase conclusion) | C13: =COUNTIF('📊 Matrice compétences'!C13:J13,"◉ Référent") -> 1 | D13: =COUNTIF('📊 Matrice compétences'!C13:J13,"◉ Référent")+COUNTIF('📊 Matrice compétences'!C13:J13,"● Habilité") -> 1 | E13: =IF(D13>=2,"✓ Couverture OK",IF(D13=1,"⚠ Mono-formateur","❌ Non couvert")) -> ⚠ Mono-formateur
B14: ='📊 Matrice compétences'!B14 -> VAE — Accompagnement candidat VAE | C14: =COUNTIF('📊 Matrice compétences'!C14:J14,"◉ Référent") -> 1 | D14: =COUNTIF('📊 Matrice compétences'!C14:J14,"◉ Référent")+COUNTIF('📊 Matrice compétences'!C14:J14,"● Habilité") -> 1 | E14: =IF(D14>=2,"✓ Couverture OK",IF(D14=1,"⚠ Mono-formateur","❌ Non couvert")) -> ⚠ Mono-formateur
B15: ='📊 Matrice compétences'!B15 -> CFA — BTS [ Intitulé ] · Bloc 1 | C15: =COUNTIF('📊 Matrice compétences'!C15:J15,"◉ Référent") -> 0 | D15: =COUNTIF('📊 Matrice compétences'!C15:J15,"◉ Référent")+COUNTIF('📊 Matrice compétences'!C15:J15,"● Habilité") -> 1 | E15: =IF(D15>=2,"✓ Couverture OK",IF(D15=1,"⚠ Mono-formateur","❌ Non couvert")) -> ⚠ Mono-formateur
B16: ='📊 Matrice compétences'!B16 -> CFA — BTS [ Intitulé ] · Bloc 2 | C16: =COUNTIF('📊 Matrice compétences'!C16:J16,"◉ Référent") -> 0 | D16: =COUNTIF('📊 Matrice compétences'!C16:J16,"◉ Référent")+COUNTIF('📊 Matrice compétences'!C16:J16,"● Habilité") -> 1 | E16: =IF(D16>=2,"✓ Couverture OK",IF(D16=1,"⚠ Mono-formateur","❌ Non couvert")) -> ⚠ Mono-formateur
B18: 🎯 INDICATEURS GLOBAUX
B19: Modules à couverture OK (≥ 2 habilités) | E19: =COUNTIF(F7:F16,"✓ Couverture OK") -> 0
B20: Modules à risque mono-formateur (1 seul) | E20: =COUNTIF(F7:F16,"⚠ Mono-formateur") -> 0
B21: Modules non couverts (0 habilité) | E21: =COUNTIF(F7:F16,"❌ Non couvert") -> 0
B22: Taux de couverture (modules ≥ 2 habilités) | E22: =IFERROR(COUNTIF(F7:F16,"✓ Couverture OK")/COUNTA(B7:B16),0) -> 0
B24: 💡 Lecture | C24: Idéal : ≥ 2 personnes habilitées par module (continuité en cas d'absence). Mono-formateur = risque opérationnel ET d'audit. Module non couvert dans la matrice mais affiché au catalogue = NC majeure quasi certaine.
