Workbook

Sheet 🗂 Mode d'emploi
B2: INVENTAIRE MATÉRIEL & ÉQUIPEMENTS
B3: Modèle M33 — Inventaire détaillé des moyens techniques et pédagogiques — Ind. 17 (Majeure)
B6: À QUOI SERT CE DOCUMENT
C7: Inventaire détaillé de tous les moyens techniques mobilisés pour les prestations. C'est l'une des pièces principales du dossier preuves Ind. 17 (Majeure). Tenu à jour annuellement et à chaque acquisition/déclassement. Compatible avec la présentation en audit Qualiopi et avec les besoins de gestion interne.
B9: STRUCTURE DU CLASSEUR
B10: 🖥 Matériel informatique & numérique | C10: Postes, écrans, projecteurs, plateformes — clé pour la FOAD.
B11: 🎓 Matériel pédagogique présentiel | C11: Tableaux, paperboards, équipements spécifiques aux modules.
B12: 📺 Studio distanciel | C12: Caméras, micros, éclairage, fond — anti-piège « webcam laptop ».
B13: 🛠 Équipements CFA (plateaux techniques) | C13: Pour CFA uniquement : machines, outils, EPI.
B14: 📊 Synthèse & alertes | C14: Vue d'ensemble + alertes maintenance/renouvellement.
B16: LÉGENDE — ÉTAT DU MATÉRIEL
B17: ✓ Bon état | C17: Matériel opérationnel, vérifié, sans intervention requise
B18: ⚠ Vigilance | C18: Matériel fonctionnel mais à surveiller (âge, performance)
B19: 🔧 Maintenance | C19: Matériel en panne ou nécessitant réparation/révision
B20: ❌ Déclassé | C20: Matériel hors service — à remplacer ou supprimé
B22: 💡 Ind. 17 | C22: L'inventaire est régulièrement demandé en audit Qualiopi. Il doit être : daté, exhaustif, et accompagné de photos pour le matériel important. Mettre à jour à chaque acquisition. La date de dernière mise à jour est visible en haut de chaque onglet.

Sheet 🖥 Matériel info
B2: 🖥 MATÉRIEL INFORMATIQUE & NUMÉRIQUE
B3: Postes, écrans, projecteurs, équipements informatiques — Ind. 17
B6: Date de dernière mise à jour : | D6: [ JJ / MM / AAAA ] | E6: Responsable : | F6: [ Prénom NOM ]
B8: # | C8: Désignation | D8: Marque / Modèle | E8: Quantité | F8: Année | G8: État | H8: Localisation | I8: Observations
B9: 01 | C9: Ordinateur portable formateur | D9: Dell Latitude 5430 | E9: 5 | F9: 2024 | G9: ✓ Bon état | H9: Bureau pédagogique | I9: Renouvelés en 2024
B10: 02 | C10: Vidéoprojecteur HD | D10: Epson EB-2042 | E10: 3 | F10: 2023 | G10: ✓ Bon état | H10: Salles 1, 2 et 3 | I10: Lampe à changer en 2026
B11: 03 | C11: Tableau blanc interactif (TBI) | D11: SMART Board 7000 | E11: 2 | F11: 2024 | G11: ✓ Bon état | H11: Salles 1 et 3 | I11: Formation équipe planifiée
B12: 04 | C12: Poste informatique bénéficiaire | D12: HP EliteDesk + écran 24'' | E12: 12 | F12: 2022 | G12: ⚠ Vigilance | H12: Salle 4 (informatique) | I12: Remplacement budgété 2027
B13: 05 | C13: Webcam HD pour visio | D13: Logitech BRIO 4K | E13: 3 | F13: 2025 | G13: ✓ Bon état | H13: Salles équipées visio | I13: Studio + 2 salles
B14: 06 | C14: Casques audio pédago | D14: Plantronics BlackWire | E14: 15 | F14: 2024 | G14: ✓ Bon état | H14: Salles + prêt FOAD | I14: Désinfection après chaque session

Sheet 🎓 Matériel pédago
B2: 🎓 MATÉRIEL PÉDAGOGIQUE PRÉSENTIEL
B3: Mobilier, supports, équipements spécifiques aux modules — Ind. 17
B6: Date de dernière mise à jour : | D6: [ JJ / MM / AAAA ] | E6: Responsable : | F6: [ Prénom NOM ]
B8: # | C8: Désignation | D8: Marque / Modèle | E8: Quantité | F8: Année | G8: État | H8: Localisation | I8: Observations
B9: 01 | C9: Paperboard mobile | D9: Nobo | E9: 4 | F9: 2022 | G9: ✓ Bon état | H9: Salles 1-4 | I9: Feuilles renouvelées hebdomadairement
B10: 02 | C10: Imprimante / scanner pro | D10: HP LaserJet MFP | E10: 1 | F10: 2023 | G10: ✓ Bon état | H10: Espace administratif | I10: Maintenance annuelle contractuelle
B11: 03 | C11: Mobilier modulable (tables) | D11: Burostock pro | E11: 24 | F11: 2021 | G11: ✓ Bon état | H11: Salles 1-4 | I11: Configurations U / îlots / cours
B12: 04 | C12: Sièges ergonomiques | D12: Burostock ergo+ | E12: 30 | F12: 2021 | G12: ✓ Bon état | H12: Salles 1-4 | I12: Confort prolongé
B13: 05 | C13: Kit éducation financière | D13: ESM Materials | E13: 2 | F13: 2024 | G13: ✓ Bon état | H13: Salle dédiée formation BC | I13: Pour BC reconversion

Sheet 📺 Studio distanciel
B2: 📺 STUDIO DISTANCIEL
B3: Équipement studio pour classes virtuelles et productions FOAD — anti-piège « studio improvisé »
B6: Date de dernière mise à jour : | D6: [ JJ / MM / AAAA ] | E6: Responsable : | F6: [ Prénom NOM ]
B8: # | C8: Désignation | D8: Marque / Modèle | E8: Quantité | F8: Année | G8: État | H8: Localisation | I8: Observations
B9: 01 | C9: Caméra HD studio | D9: Logitech BRIO 4K | E9: 1 | F9: 2025 | G9: ✓ Bon état | H9: Studio dédié | I9: ≠ webcam laptop — qualité pro
B10: 02 | C10: Micro pro USB | D10: Blue Yeti Nano | E10: 2 | F10: 2025 | G10: ✓ Bon état | H10: Studio + sauvegarde | I10: Filtre anti-pop installé
B11: 03 | C11: Éclairage softbox LED | D11: Neewer 660 | E11: 2 | F11: 2024 | G11: ✓ Bon état | H11: Studio | I11: Température ajustable 3200K-5600K
B12: 04 | C12: Fond uni gris pro | D12: Manfrotto | E12: 1 | F12: 2024 | G12: ✓ Bon état | H12: Studio | I12: Évite le « salon » derrière le formateur
B13: 05 | C13: Tablette graphique annotation | D13: Wacom Intuos Pro M | E13: 1 | F13: 2024 | G13: ✓ Bon état | H13: Studio | I13: Pour annotations en direct
B14: 06 | C14: Régie / table de mixage | D14: Rodecaster Pro II | E14: 1 | F14: 2025 | G14: ⚠ Vigilance | H14: Studio | I14: Formation utilisateurs en cours

Sheet 🛠 Équipements CFA
B2: 🛠 ÉQUIPEMENTS CFA — PLATEAUX TECHNIQUES
B3: Machines, outils, EPI — spécifique aux organismes ayant un CFA — Ind. 17 + Ind. 20
B6: Date de dernière mise à jour : | D6: [ JJ / MM / AAAA ] | E6: Responsable : | F6: [ Prénom NOM ]
B8: # | C8: Désignation | D8: Marque / Modèle | E8: Quantité | F8: Année | G8: État | H8: Localisation | I8: Observations
B9: 01 | C9: [ Machine spécifique au métier ] | D9: [ Marque modèle ] | E9: X | F9: AAAA | G9: ✓ Bon état | H9: Plateau X | I9: Vérification annuelle
B10: 02 | C10: [ EPI casque sécurité ] | D10: [ Marque ] | E10: 30 | F10: 2024 | G10: ✓ Bon état | H10: Vestiaire CFA | I10: Fournis aux apprentis
B11: 03 | C11: [ EPI gants de protection ] | D11: [ Marque ] | E11: 50 | F11: 2024 | G11: ✓ Bon état | H11: Vestiaire CFA | I11: Renouvelés à la demande
B12: 04 | C12: [ EPI chaussures sécurité ] | D12: [ Marque ] | E12: 20 | F12: 2024 | G12: ✓ Bon état | H12: Vestiaire CFA | I12: Pointures variées
B13: 05 | C13: [ Outillage spécifique métier ] | D13: [ Marque ] | E13: X | F13: AAAA | G13: ⚠ Vigilance | H13: Atelier | I13: Remplacement à prévoir

Sheet 📊 Synthèse & alertes
B2: 📊 SYNTHÈSE & ALERTES
B3: Vue d'ensemble par catégorie + alertes de maintenance
B6: Catégorie | C6: Lignes saisies | D6: ✓ Bon état | E6: ⚠ Vigilance | F6: 🔧 Maintenance
B7: 🖥 Matériel info | C7: =COUNTA('🖥 Matériel info'!C9:C40) -> 6 | D7: =COUNTIF('🖥 Matériel info'!G9:G40,"✓ Bon état") -> 5 | E7: =COUNTIF('🖥 Matériel info'!G9:G40,"⚠ Vigilance") -> 1 | F7: =COUNTIF('🖥 Matériel info'!G9:G40,"🔧 Maintenance") -> 0
B8: 🎓 Matériel pédago | C8: =COUNTA('🎓 Matériel pédago'!C9:C40) -> 5 | D8: =COUNTIF('🎓 Matériel pédago'!G9:G40,"✓ Bon état") -> 5 | E8: =COUNTIF('🎓 Matériel pédago'!G9:G40,"⚠ Vigilance") -> 0 | F8: =COUNTIF('🎓 Matériel pédago'!G9:G40,"🔧 Maintenance") -> 0
B9: 📺 Studio distanciel | C9: =COUNTA('📺 Studio distanciel'!C9:C40) -> 6 | D9: =COUNTIF('📺 Studio distanciel'!G9:G40,"✓ Bon état") -> 5 | E9: =COUNTIF('📺 Studio distanciel'!G9:G40,"⚠ Vigilance") -> 1 | F9: =COUNTIF('📺 Studio distanciel'!G9:G40,"🔧 Maintenance") -> 0
B10: 🛠 Équipements CFA | C10: =COUNTA('🛠 Équipements CFA'!C9:C40) -> 5 | D10: =COUNTIF('🛠 Équipements CFA'!G9:G40,"✓ Bon état") -> 4 | E10: =COUNTIF('🛠 Équipements CFA'!G9:G40,"⚠ Vigilance") -> 1 | F10: =COUNTIF('🛠 Équipements CFA'!G9:G40,"🔧 Maintenance") -> 0
B11: TOTAL | C11: =SUM(C7:C10) -> 22 | D11: =SUM(D7:D10) -> 19 | E11: =SUM(E7:E10) -> 3 | F11: =SUM(F7:F10) -> 0
B13: 🎯 INDICATEURS DE PILOTAGE
B14: Taux de matériel en bon état | F14: =IFERROR(D11/C11,0) -> 0.86363636
B15: Nombre total d'alertes (vigilance + maintenance) | F15: =E11+F11 -> 3
B17: 💡 Astuce | C17: Inventaire à mettre à jour : (1) à chaque acquisition, (2) à chaque déclassement, (3) au minimum 1× par an (revue annuelle). Photographier les éléments importants en complément (anti-piège « studio improvisé »).
