Workbook

Sheet 🗂 Mode d'emploi
B2: SUIVI ASSIDUITÉ & ALERTE ABANDON
B3: Modèle M27 — Calcul automatique du taux de présence, alertes de seuil, procédure de relance — Ind. 12
B6: À QUOI SERT CE DOCUMENT
C7: Ce classeur trace la présence des bénéficiaires sur l'ensemble d'une session, calcule automatiquement les taux d'assiduité, déclenche des alertes visuelles selon les seuils (<70% rouge, <85% orange), et formalise la procédure de relance en cas d'absence répétée. Il complète la feuille d'émargement (M26) — qui reste la pièce de preuve signée — et alimente le certificat de réalisation (M32).
B9: STRUCTURE DU CLASSEUR
B10: 👥 Bénéficiaires | C10: Liste de tous les inscrits à la session — 1 ligne par personne. Sert de référence pour les autres feuilles.
B11: 📋 Saisie présences | C11: Grille demi-journée × bénéficiaire — saisir P / AJ / ANJ / R / FOAD / ABD à chaque demi-journée.
B12: 📊 Synthèse présences | C12: Calcul automatique du taux d'assiduité par bénéficiaire + alertes seuils + statut global.
B13: 📞 Procédure de relance | C13: Documentation des actions de relance — preuves d'envoi et suites données.
B14: 📈 Synthèse session | C14: Vue d'ensemble : taux moyen, nombre d'alertes, candidats à risque d'abandon.
B16: LÉGENDE DES CODES DE PRÉSENCE
B17: P | C17: Présent — demi-journée intégralement suivie
B18: R | C18: Retard < 15 min — comptabilisé en présent avec mention
B19: FOAD | C19: Présent en distanciel synchrone / asynchrone (traçabilité plateforme)
B20: AJ | C20: Absence justifiée (certif. médical, événement familial, etc.) — n'impacte pas négativement le taux
B21: ANJ | C21: Absence non justifiée — impact négatif sur le taux
B22: ABD | C22: Abandon de la formation — statut définitif
B24: SEUILS D'ALERTE — DÉCLENCHEMENT AUTOMATIQUE
B25: ≥ 90% | C25: Excellente assiduité — aucune action particulière
B26: 85% - 89% | C26: Bonne assiduité — vigilance simple
B27: 70% - 84% | C27: ⚠ Alerte orange — déclencher relance niveau 1 (sous 48h)
B28: < 70% | C28: 🚨 Alerte rouge — déclencher relance niveau 2 + bilan individuel (sous 24h)
B29: < 50% ou ANJ ≥ 3 | C29: 🚨 Risque d'abandon — entretien d'urgence + décision (poursuite / abandon formalisé)
B31: 💡 Ind. 12 | C31: La prévention de l'abandon est l'élément central de l'Ind. 12. Le simple comptage ne suffit pas : l'audit cherche la TRACE des actions de prévention (relances tracées, entretiens, ajustements). Utilisez la feuille « 📞 Procédure relance » pour documenter chaque action — c'est cette trace qui fait foi.

Sheet 👥 Bénéficiaires
B2: 👥 LISTE DES BÉNÉFICIAIRES INSCRITS
B3: Une ligne par inscrit — référence pour les feuilles de saisie et de synthèse
B6: Session : | D6: [ Code session — Ex. SOF-CPCE-2026-S01 ] | F6: Intitulé : | G6: [ Intitulé exact ]
B7: Période : | D7: Du [ JJ/MM/AAAA ] au [ JJ/MM/AAAA ] | F7: Durée totale : | G7: [ XX h ]
B9: N° | C9: Nom | D9: Prénom | E9: Date de naissance | F9: Email | G9: Téléphone | H9: Financement
B10: 01 | C10: DUPONT | D10: Marie | E10: 12/03/1985 | F10: marie.dupont@email.fr | G10: 06.XX.XX.XX.XX | H10: CPF
B11: 02 | C11: MARTIN | D11: Karim | E11: 27/09/1990 | F11: karim.martin@email.fr | G11: 06.XX.XX.XX.XX | H11: France Travail
B12: 03 | C12: BERNARD | D12: Sophie | E12: 04/01/1978 | F12: sophie.bernard@email.fr | G12: 06.XX.XX.XX.XX | H12: OPCO ATLAS
B13: 04 | C13: LEROY | D13: Thomas | E13: 15/06/1995 | F13: thomas.leroy@email.fr | G13: 06.XX.XX.XX.XX | H13: Plan employeur
B31: 💡 Astuce | C31: Les noms saisis ici alimentent automatiquement les feuilles de saisie et de synthèse. Ajoutez/modifiez les bénéficiaires depuis cette feuille uniquement.

Sheet 📋 Saisie présences
B2: 📋 SAISIE DES PRÉSENCES — DEMI-JOURNÉES
B3: Saisir P / R / FOAD / AJ / ANJ / ABD pour chaque demi-journée — listes déroulantes disponibles
B5: P = Présent · R = Retard · FOAD = Distanciel · AJ = Abs. justifiée · ANJ = Abs. non justifiée · ABD = Abandon
B7: N° | C7: Bénéficiaire (Nom Prénom) | D7: J1 | F7: J2 | H7: J3 | J7: J4 | L7: J5 | N7: J6 | P7: J7 | R7: J8 | T7: J9 | V7: J10 | X7: Total ½ journées
D8: M | E8: AM | F8: M | G8: AM | H8: M | I8: AM | J8: M | K8: AM | L8: M | M8: AM | N8: M | O8: AM | P8: M | Q8: AM | R8: M | S8: AM | T8: M | U8: AM | V8: M | W8: AM
B9: =IF('👥 Bénéficiaires'!B10="","",'👥 Bénéficiaires'!B10) -> 01 | C9: =IF('👥 Bénéficiaires'!C10="","",'👥 Bénéficiaires'!C10&" "&'👥 Bénéficiaires'!D10) -> DUPONT Marie | D9: P | E9: P | F9: P | G9: P | H9: P | I9: P | J9: R | K9: P | L9: P | M9: P | N9: P | O9: P | P9: FOAD | Q9: FOAD | R9: P | S9: P | T9: P | U9: P | V9: P | W9: P | X9: =IF(C9="","",COUNTIF(D9:W9,"P")+COUNTIF(D9:W9,"R")+COUNTIF(D9:W9,"FOAD")) -> 20
B10: =IF('👥 Bénéficiaires'!B11="","",'👥 Bénéficiaires'!B11) -> 02 | C10: =IF('👥 Bénéficiaires'!C11="","",'👥 Bénéficiaires'!C11&" "&'👥 Bénéficiaires'!D11) -> MARTIN Karim | D10: P | E10: P | F10: P | G10: AJ | H10: AJ | I10: P | J10: P | K10: P | L10: P | M10: P | N10: P | O10: P | P10: P | Q10: P | R10: P | S10: P | T10: P | U10: P | V10: P | W10: P | X10: =IF(C10="","",COUNTIF(D10:W10,"P")+COUNTIF(D10:W10,"R")+COUNTIF(D10:W10,"FOAD")) -> 18
B11: =IF('👥 Bénéficiaires'!B12="","",'👥 Bénéficiaires'!B12) -> 03 | C11: =IF('👥 Bénéficiaires'!C12="","",'👥 Bénéficiaires'!C12&" "&'👥 Bénéficiaires'!D12) -> BERNARD Sophie | D11: P | E11: P | F11: ANJ | G11: ANJ | H11: P | I11: P | J11: P | K11: ANJ | L11: P | M11: P | N11: FOAD | O11: FOAD | P11: ANJ | Q11: P | R11: P | S11: P | T11: P | U11: P | V11: P | W11: P | X11: =IF(C11="","",COUNTIF(D11:W11,"P")+COUNTIF(D11:W11,"R")+COUNTIF(D11:W11,"FOAD")) -> 16
B12: =IF('👥 Bénéficiaires'!B13="","",'👥 Bénéficiaires'!B13) -> 04 | C12: =IF('👥 Bénéficiaires'!C13="","",'👥 Bénéficiaires'!C13&" "&'👥 Bénéficiaires'!D13) -> LEROY Thomas | D12: P | E12: P | F12: P | G12: P | H12: P | I12: P | J12: P | K12: ANJ | L12: ABD | M12: ABD | N12: ABD | O12: ABD | P12: ABD | Q12: ABD | R12: ABD | S12: ABD | T12: ABD | U12: ABD | V12: ABD | W12: ABD | X12: =IF(C12="","",COUNTIF(D12:W12,"P")+COUNTIF(D12:W12,"R")+COUNTIF(D12:W12,"FOAD")) -> 7
B13: =IF('👥 Bénéficiaires'!B14="","",'👥 Bénéficiaires'!B14) | C13: =IF('👥 Bénéficiaires'!C14="","",'👥 Bénéficiaires'!C14&" "&'👥 Bénéficiaires'!D14) | X13: =IF(C13="","",COUNTIF(D13:W13,"P")+COUNTIF(D13:W13,"R")+COUNTIF(D13:W13,"FOAD"))
B14: =IF('👥 Bénéficiaires'!B15="","",'👥 Bénéficiaires'!B15) | C14: =IF('👥 Bénéficiaires'!C15="","",'👥 Bénéficiaires'!C15&" "&'👥 Bénéficiaires'!D15) | X14: =IF(C14="","",COUNTIF(D14:W14,"P")+COUNTIF(D14:W14,"R")+COUNTIF(D14:W14,"FOAD"))
B15: =IF('👥 Bénéficiaires'!B16="","",'👥 Bénéficiaires'!B16) | C15: =IF('👥 Bénéficiaires'!C16="","",'👥 Bénéficiaires'!C16&" "&'👥 Bénéficiaires'!D16) | X15: =IF(C15="","",COUNTIF(D15:W15,"P")+COUNTIF(D15:W15,"R")+COUNTIF(D15:W15,"FOAD"))
B16: =IF('👥 Bénéficiaires'!B17="","",'👥 Bénéficiaires'!B17) | C16: =IF('👥 Bénéficiaires'!C17="","",'👥 Bénéficiaires'!C17&" "&'👥 Bénéficiaires'!D17) | X16: =IF(C16="","",COUNTIF(D16:W16,"P")+COUNTIF(D16:W16,"R")+COUNTIF(D16:W16,"FOAD"))
B17: =IF('👥 Bénéficiaires'!B18="","",'👥 Bénéficiaires'!B18) | C17: =IF('👥 Bénéficiaires'!C18="","",'👥 Bénéficiaires'!C18&" "&'👥 Bénéficiaires'!D18) | X17: =IF(C17="","",COUNTIF(D17:W17,"P")+COUNTIF(D17:W17,"R")+COUNTIF(D17:W17,"FOAD"))
B18: =IF('👥 Bénéficiaires'!B19="","",'👥 Bénéficiaires'!B19) | C18: =IF('👥 Bénéficiaires'!C19="","",'👥 Bénéficiaires'!C19&" "&'👥 Bénéficiaires'!D19) | X18: =IF(C18="","",COUNTIF(D18:W18,"P")+COUNTIF(D18:W18,"R")+COUNTIF(D18:W18,"FOAD"))
B19: =IF('👥 Bénéficiaires'!B20="","",'👥 Bénéficiaires'!B20) | C19: =IF('👥 Bénéficiaires'!C20="","",'👥 Bénéficiaires'!C20&" "&'👥 Bénéficiaires'!D20) | X19: =IF(C19="","",COUNTIF(D19:W19,"P")+COUNTIF(D19:W19,"R")+COUNTIF(D19:W19,"FOAD"))
B20: =IF('👥 Bénéficiaires'!B21="","",'👥 Bénéficiaires'!B21) | C20: =IF('👥 Bénéficiaires'!C21="","",'👥 Bénéficiaires'!C21&" "&'👥 Bénéficiaires'!D21) | X20: =IF(C20="","",COUNTIF(D20:W20,"P")+COUNTIF(D20:W20,"R")+COUNTIF(D20:W20,"FOAD"))
B21: =IF('👥 Bénéficiaires'!B22="","",'👥 Bénéficiaires'!B22) | C21: =IF('👥 Bénéficiaires'!C22="","",'👥 Bénéficiaires'!C22&" "&'👥 Bénéficiaires'!D22) | X21: =IF(C21="","",COUNTIF(D21:W21,"P")+COUNTIF(D21:W21,"R")+COUNTIF(D21:W21,"FOAD"))
B22: =IF('👥 Bénéficiaires'!B23="","",'👥 Bénéficiaires'!B23) | C22: =IF('👥 Bénéficiaires'!C23="","",'👥 Bénéficiaires'!C23&" "&'👥 Bénéficiaires'!D23) | X22: =IF(C22="","",COUNTIF(D22:W22,"P")+COUNTIF(D22:W22,"R")+COUNTIF(D22:W22,"FOAD"))
B23: =IF('👥 Bénéficiaires'!B24="","",'👥 Bénéficiaires'!B24) | C23: =IF('👥 Bénéficiaires'!C24="","",'👥 Bénéficiaires'!C24&" "&'👥 Bénéficiaires'!D24) | X23: =IF(C23="","",COUNTIF(D23:W23,"P")+COUNTIF(D23:W23,"R")+COUNTIF(D23:W23,"FOAD"))
B24: =IF('👥 Bénéficiaires'!B25="","",'👥 Bénéficiaires'!B25) | C24: =IF('👥 Bénéficiaires'!C25="","",'👥 Bénéficiaires'!C25&" "&'👥 Bénéficiaires'!D25) | X24: =IF(C24="","",COUNTIF(D24:W24,"P")+COUNTIF(D24:W24,"R")+COUNTIF(D24:W24,"FOAD"))
... B28: =IF('👥 Bénéficiaires'!B29="","",'👥 Bénéficiaires'!B29) | C28: =IF('👥 Bénéficiaires'!C29="","",'👥 Bénéficiaires'!C29&" "&'👥 Bénéficiaires'!D29) | X28: =IF(C28="","",COUNTIF(D28:W28,"P")+COUNTIF(D28:W28,"R")+COUNTIF(D28:W28,"FOAD"))
B30: 💡 Notes | C30: Le calcul du total compte P + R + FOAD comme demi-journées « présentes ». Les AJ ne sont pas comptées négativement mais n'augmentent pas le total. Pour les sessions plus longues que 10 jours, dupliquer la feuille. Pour les sessions FOAD asynchrone, alimenter via les exports plateforme.

Sheet 📊 Synthèse présences
B2: 📊 SYNTHÈSE DES PRÉSENCES & ALERTES
B3: Calcul automatique du taux d'assiduité + alertes seuils + déclenchement procédure de relance
B6: N° | C6: Bénéficiaire | D6: Total ½ JR présentes | E6: P | F6: R | G6: FOAD | H6: AJ | I6: ANJ | J6: ABD | K6: Taux assiduité | L6: Statut & alerte
B7: =IF('👥 Bénéficiaires'!B10="","",'👥 Bénéficiaires'!B10) -> 01 | C7: =IF('👥 Bénéficiaires'!C10="","",'👥 Bénéficiaires'!C10&" "&'👥 Bénéficiaires'!D10) -> DUPONT Marie | D7: =IF(C7="","",'📋 Saisie présences'!X9) -> 20 | E7: =IF(C7="","",COUNTIF('📋 Saisie présences'!D9:W9,"P")) -> 17 | F7: =IF(C7="","",COUNTIF('📋 Saisie présences'!D9:W9,"R")) -> 1 | G7: =IF(C7="","",COUNTIF('📋 Saisie présences'!D9:W9,"FOAD")) -> 2 | H7: =IF(C7="","",COUNTIF('📋 Saisie présences'!D9:W9,"AJ")) -> 0 | I7: =IF(C7="","",COUNTIF('📋 Saisie présences'!D9:W9,"ANJ")) -> 0 | J7: =IF(C7="","",COUNTIF('📋 Saisie présences'!D9:W9,"ABD")) -> 0 | K7: =IF(C7="","",IF((E7+F7+G7+I7)=0,"",(E7+F7+G7)/(E7+F7+G7+I7))) -> 1 | L7: =IF(C7="","",IF(J7>0,"❌ ABANDON",IF(K7="","",IF(K7<0.5,"🚨 Risque abandon",IF(K7<0.7,"🚨 Alerte rouge",IF(K7<0.85,"⚠ Alerte orange",IF(K7<0.9,"Vigilance","✓ Excellente"))))))) -> ✓ Excellente
B8: =IF('👥 Bénéficiaires'!B11="","",'👥 Bénéficiaires'!B11) -> 02 | C8: =IF('👥 Bénéficiaires'!C11="","",'👥 Bénéficiaires'!C11&" "&'👥 Bénéficiaires'!D11) -> MARTIN Karim | D8: =IF(C8="","",'📋 Saisie présences'!X10) -> 18 | E8: =IF(C8="","",COUNTIF('📋 Saisie présences'!D10:W10,"P")) -> 18 | F8: =IF(C8="","",COUNTIF('📋 Saisie présences'!D10:W10,"R")) -> 0 | G8: =IF(C8="","",COUNTIF('📋 Saisie présences'!D10:W10,"FOAD")) -> 0 | H8: =IF(C8="","",COUNTIF('📋 Saisie présences'!D10:W10,"AJ")) -> 2 | I8: =IF(C8="","",COUNTIF('📋 Saisie présences'!D10:W10,"ANJ")) -> 0 | J8: =IF(C8="","",COUNTIF('📋 Saisie présences'!D10:W10,"ABD")) -> 0 | K8: =IF(C8="","",IF((E8+F8+G8+I8)=0,"",(E8+F8+G8)/(E8+F8+G8+I8))) -> 1 | L8: =IF(C8="","",IF(J8>0,"❌ ABANDON",IF(K8="","",IF(K8<0.5,"🚨 Risque abandon",IF(K8<0.7,"🚨 Alerte rouge",IF(K8<0.85,"⚠ Alerte orange",IF(K8<0.9,"Vigilance","✓ Excellente"))))))) -> ✓ Excellente
B9: =IF('👥 Bénéficiaires'!B12="","",'👥 Bénéficiaires'!B12) -> 03 | C9: =IF('👥 Bénéficiaires'!C12="","",'👥 Bénéficiaires'!C12&" "&'👥 Bénéficiaires'!D12) -> BERNARD Sophie | D9: =IF(C9="","",'📋 Saisie présences'!X11) -> 16 | E9: =IF(C9="","",COUNTIF('📋 Saisie présences'!D11:W11,"P")) -> 14 | F9: =IF(C9="","",COUNTIF('📋 Saisie présences'!D11:W11,"R")) -> 0 | G9: =IF(C9="","",COUNTIF('📋 Saisie présences'!D11:W11,"FOAD")) -> 2 | H9: =IF(C9="","",COUNTIF('📋 Saisie présences'!D11:W11,"AJ")) -> 0 | I9: =IF(C9="","",COUNTIF('📋 Saisie présences'!D11:W11,"ANJ")) -> 4 | J9: =IF(C9="","",COUNTIF('📋 Saisie présences'!D11:W11,"ABD")) -> 0 | K9: =IF(C9="","",IF((E9+F9+G9+I9)=0,"",(E9+F9+G9)/(E9+F9+G9+I9))) -> 0.8 | L9: =IF(C9="","",IF(J9>0,"❌ ABANDON",IF(K9="","",IF(K9<0.5,"🚨 Risque abandon",IF(K9<0.7,"🚨 Alerte rouge",IF(K9<0.85,"⚠ Alerte orange",IF(K9<0.9,"Vigilance","✓ Excellente"))))))) -> ⚠ Alerte orange
B10: =IF('👥 Bénéficiaires'!B13="","",'👥 Bénéficiaires'!B13) -> 04 | C10: =IF('👥 Bénéficiaires'!C13="","",'👥 Bénéficiaires'!C13&" "&'👥 Bénéficiaires'!D13) -> LEROY Thomas | D10: =IF(C10="","",'📋 Saisie présences'!X12) -> 7 | E10: =IF(C10="","",COUNTIF('📋 Saisie présences'!D12:W12,"P")) -> 7 | F10: =IF(C10="","",COUNTIF('📋 Saisie présences'!D12:W12,"R")) -> 0 | G10: =IF(C10="","",COUNTIF('📋 Saisie présences'!D12:W12,"FOAD")) -> 0 | H10: =IF(C10="","",COUNTIF('📋 Saisie présences'!D12:W12,"AJ")) -> 0 | I10: =IF(C10="","",COUNTIF('📋 Saisie présences'!D12:W12,"ANJ")) -> 1 | J10: =IF(C10="","",COUNTIF('📋 Saisie présences'!D12:W12,"ABD")) -> 12 | K10: =IF(C10="","",IF((E10+F10+G10+I10)=0,"",(E10+F10+G10)/(E10+F10+G10+I10))) -> 0.875 | L10: =IF(C10="","",IF(J10>0,"❌ ABANDON",IF(K10="","",IF(K10<0.5,"🚨 Risque abandon",IF(K10<0.7,"🚨 Alerte rouge",IF(K10<0.85,"⚠ Alerte orange",IF(K10<0.9,"Vigilance","✓ Excellente"))))))) -> ❌ ABANDON
B11: =IF('👥 Bénéficiaires'!B14="","",'👥 Bénéficiaires'!B14) | C11: =IF('👥 Bénéficiaires'!C14="","",'👥 Bénéficiaires'!C14&" "&'👥 Bénéficiaires'!D14) | D11: =IF(C11="","",'📋 Saisie présences'!X13) | E11: =IF(C11="","",COUNTIF('📋 Saisie présences'!D13:W13,"P")) | F11: =IF(C11="","",COUNTIF('📋 Saisie présences'!D13:W13,"R")) | G11: =IF(C11="","",COUNTIF('📋 Saisie présences'!D13:W13,"FOAD")) | H11: =IF(C11="","",COUNTIF('📋 Saisie présences'!D13:W13,"AJ")) | I11: =IF(C11="","",COUNTIF('📋 Saisie présences'!D13:W13,"ANJ")) | J11: =IF(C11="","",COUNTIF('📋 Saisie présences'!D13:W13,"ABD")) | K11: =IF(C11="","",IF((E11+F11+G11+I11)=0,"",(E11+F11+G11)/(E11+F11+G11+I11))) | L11: =IF(C11="","",IF(J11>0,"❌ ABANDON",IF(K11="","",IF(K11<0.5,"🚨 Risque abandon",IF(K11<0.7,"🚨 Alerte rouge",IF(K11<0.85,"⚠ Alerte orange",IF(K11<0.9,"Vigilance","✓ Excellente")))))))
B12: =IF('👥 Bénéficiaires'!B15="","",'👥 Bénéficiaires'!B15) | C12: =IF('👥 Bénéficiaires'!C15="","",'👥 Bénéficiaires'!C15&" "&'👥 Bénéficiaires'!D15) | D12: =IF(C12="","",'📋 Saisie présences'!X14) | E12: =IF(C12="","",COUNTIF('📋 Saisie présences'!D14:W14,"P")) | F12: =IF(C12="","",COUNTIF('📋 Saisie présences'!D14:W14,"R")) | G12: =IF(C12="","",COUNTIF('📋 Saisie présences'!D14:W14,"FOAD")) | H12: =IF(C12="","",COUNTIF('📋 Saisie présences'!D14:W14,"AJ")) | I12: =IF(C12="","",COUNTIF('📋 Saisie présences'!D14:W14,"ANJ")) | J12: =IF(C12="","",COUNTIF('📋 Saisie présences'!D14:W14,"ABD")) | K12: =IF(C12="","",IF((E12+F12+G12+I12)=0,"",(E12+F12+G12)/(E12+F12+G12+I12))) | L12: =IF(C12="","",IF(J12>0,"❌ ABANDON",IF(K12="","",IF(K12<0.5,"🚨 Risque abandon",IF(K12<0.7,"🚨 Alerte rouge",IF(K12<0.85,"⚠ Alerte orange",IF(K12<0.9,"Vigilance","✓ Excellente")))))))
B13: =IF('👥 Bénéficiaires'!B16="","",'👥 Bénéficiaires'!B16) | C13: =IF('👥 Bénéficiaires'!C16="","",'👥 Bénéficiaires'!C16&" "&'👥 Bénéficiaires'!D16) | D13: =IF(C13="","",'📋 Saisie présences'!X15) | E13: =IF(C13="","",COUNTIF('📋 Saisie présences'!D15:W15,"P")) | F13: =IF(C13="","",COUNTIF('📋 Saisie présences'!D15:W15,"R")) | G13: =IF(C13="","",COUNTIF('📋 Saisie présences'!D15:W15,"FOAD")) | H13: =IF(C13="","",COUNTIF('📋 Saisie présences'!D15:W15,"AJ")) | I13: =IF(C13="","",COUNTIF('📋 Saisie présences'!D15:W15,"ANJ")) | J13: =IF(C13="","",COUNTIF('📋 Saisie présences'!D15:W15,"ABD")) | K13: =IF(C13="","",IF((E13+F13+G13+I13)=0,"",(E13+F13+G13)/(E13+F13+G13+I13))) | L13: =IF(C13="","",IF(J13>0,"❌ ABANDON",IF(K13="","",IF(K13<0.5,"🚨 Risque abandon",IF(K13<0.7,"🚨 Alerte rouge",IF(K13<0.85,"⚠ Alerte orange",IF(K13<0.9,"Vigilance","✓ Excellente")))))))
B14: =IF('👥 Bénéficiaires'!B17="","",'👥 Bénéficiaires'!B17) | C14: =IF('👥 Bénéficiaires'!C17="","",'👥 Bénéficiaires'!C17&" "&'👥 Bénéficiaires'!D17) | D14: =IF(C14="","",'📋 Saisie présences'!X16) | E14: =IF(C14="","",COUNTIF('📋 Saisie présences'!D16:W16,"P")) | F14: =IF(C14="","",COUNTIF('📋 Saisie présences'!D16:W16,"R")) | G14: =IF(C14="","",COUNTIF('📋 Saisie présences'!D16:W16,"FOAD")) | H14: =IF(C14="","",COUNTIF('📋 Saisie présences'!D16:W16,"AJ")) | I14: =IF(C14="","",COUNTIF('📋 Saisie présences'!D16:W16,"ANJ")) | J14: =IF(C14="","",COUNTIF('📋 Saisie présences'!D16:W16,"ABD")) | K14: =IF(C14="","",IF((E14+F14+G14+I14)=0,"",(E14+F14+G14)/(E14+F14+G14+I14))) | L14: =IF(C14="","",IF(J14>0,"❌ ABANDON",IF(K14="","",IF(K14<0.5,"🚨 Risque abandon",IF(K14<0.7,"🚨 Alerte rouge",IF(K14<0.85,"⚠ Alerte orange",IF(K14<0.9,"Vigilance","✓ Excellente")))))))
B15: =IF('👥 Bénéficiaires'!B18="","",'👥 Bénéficiaires'!B18) | C15: =IF('👥 Bénéficiaires'!C18="","",'👥 Bénéficiaires'!C18&" "&'👥 Bénéficiaires'!D18) | D15: =IF(C15="","",'📋 Saisie présences'!X17) | E15: =IF(C15="","",COUNTIF('📋 Saisie présences'!D17:W17,"P")) | F15: =IF(C15="","",COUNTIF('📋 Saisie présences'!D17:W17,"R")) | G15: =IF(C15="","",COUNTIF('📋 Saisie présences'!D17:W17,"FOAD")) | H15: =IF(C15="","",COUNTIF('📋 Saisie présences'!D17:W17,"AJ")) | I15: =IF(C15="","",COUNTIF('📋 Saisie présences'!D17:W17,"ANJ")) | J15: =IF(C15="","",COUNTIF('📋 Saisie présences'!D17:W17,"ABD")) | K15: =IF(C15="","",IF((E15+F15+G15+I15)=0,"",(E15+F15+G15)/(E15+F15+G15+I15))) | L15: =IF(C15="","",IF(J15>0,"❌ ABANDON",IF(K15="","",IF(K15<0.5,"🚨 Risque abandon",IF(K15<0.7,"🚨 Alerte rouge",IF(K15<0.85,"⚠ Alerte orange",IF(K15<0.9,"Vigilance","✓ Excellente")))))))
B16: =IF('👥 Bénéficiaires'!B19="","",'👥 Bénéficiaires'!B19) | C16: =IF('👥 Bénéficiaires'!C19="","",'👥 Bénéficiaires'!C19&" "&'👥 Bénéficiaires'!D19) | D16: =IF(C16="","",'📋 Saisie présences'!X18) | E16: =IF(C16="","",COUNTIF('📋 Saisie présences'!D18:W18,"P")) | F16: =IF(C16="","",COUNTIF('📋 Saisie présences'!D18:W18,"R")) | G16: =IF(C16="","",COUNTIF('📋 Saisie présences'!D18:W18,"FOAD")) | H16: =IF(C16="","",COUNTIF('📋 Saisie présences'!D18:W18,"AJ")) | I16: =IF(C16="","",COUNTIF('📋 Saisie présences'!D18:W18,"ANJ")) | J16: =IF(C16="","",COUNTIF('📋 Saisie présences'!D18:W18,"ABD")) | K16: =IF(C16="","",IF((E16+F16+G16+I16)=0,"",(E16+F16+G16)/(E16+F16+G16+I16))) | L16: =IF(C16="","",IF(J16>0,"❌ ABANDON",IF(K16="","",IF(K16<0.5,"🚨 Risque abandon",IF(K16<0.7,"🚨 Alerte rouge",IF(K16<0.85,"⚠ Alerte orange",IF(K16<0.9,"Vigilance","✓ Excellente")))))))
B17: =IF('👥 Bénéficiaires'!B20="","",'👥 Bénéficiaires'!B20) | C17: =IF('👥 Bénéficiaires'!C20="","",'👥 Bénéficiaires'!C20&" "&'👥 Bénéficiaires'!D20) | D17: =IF(C17="","",'📋 Saisie présences'!X19) | E17: =IF(C17="","",COUNTIF('📋 Saisie présences'!D19:W19,"P")) | F17: =IF(C17="","",COUNTIF('📋 Saisie présences'!D19:W19,"R")) | G17: =IF(C17="","",COUNTIF('📋 Saisie présences'!D19:W19,"FOAD")) | H17: =IF(C17="","",COUNTIF('📋 Saisie présences'!D19:W19,"AJ")) | I17: =IF(C17="","",COUNTIF('📋 Saisie présences'!D19:W19,"ANJ")) | J17: =IF(C17="","",COUNTIF('📋 Saisie présences'!D19:W19,"ABD")) | K17: =IF(C17="","",IF((E17+F17+G17+I17)=0,"",(E17+F17+G17)/(E17+F17+G17+I17))) | L17: =IF(C17="","",IF(J17>0,"❌ ABANDON",IF(K17="","",IF(K17<0.5,"🚨 Risque abandon",IF(K17<0.7,"🚨 Alerte rouge",IF(K17<0.85,"⚠ Alerte orange",IF(K17<0.9,"Vigilance","✓ Excellente")))))))
B18: =IF('👥 Bénéficiaires'!B21="","",'👥 Bénéficiaires'!B21) | C18: =IF('👥 Bénéficiaires'!C21="","",'👥 Bénéficiaires'!C21&" "&'👥 Bénéficiaires'!D21) | D18: =IF(C18="","",'📋 Saisie présences'!X20) | E18: =IF(C18="","",COUNTIF('📋 Saisie présences'!D20:W20,"P")) | F18: =IF(C18="","",COUNTIF('📋 Saisie présences'!D20:W20,"R")) | G18: =IF(C18="","",COUNTIF('📋 Saisie présences'!D20:W20,"FOAD")) | H18: =IF(C18="","",COUNTIF('📋 Saisie présences'!D20:W20,"AJ")) | I18: =IF(C18="","",COUNTIF('📋 Saisie présences'!D20:W20,"ANJ")) | J18: =IF(C18="","",COUNTIF('📋 Saisie présences'!D20:W20,"ABD")) | K18: =IF(C18="","",IF((E18+F18+G18+I18)=0,"",(E18+F18+G18)/(E18+F18+G18+I18))) | L18: =IF(C18="","",IF(J18>0,"❌ ABANDON",IF(K18="","",IF(K18<0.5,"🚨 Risque abandon",IF(K18<0.7,"🚨 Alerte rouge",IF(K18<0.85,"⚠ Alerte orange",IF(K18<0.9,"Vigilance","✓ Excellente")))))))
... B26: =IF('👥 Bénéficiaires'!B29="","",'👥 Bénéficiaires'!B29) | C26: =IF('👥 Bénéficiaires'!C29="","",'👥 Bénéficiaires'!C29&" "&'👥 Bénéficiaires'!D29) | D26: =IF(C26="","",'📋 Saisie présences'!X28) | E26: =IF(C26="","",COUNTIF('📋 Saisie présences'!D28:W28,"P")) | F26: =IF(C26="","",COUNTIF('📋 Saisie présences'!D28:W28,"R")) | G26: =IF(C26="","",COUNTIF('📋 Saisie présences'!D28:W28,"FOAD")) | H26: =IF(C26="","",COUNTIF('📋 Saisie présences'!D28:W28,"AJ")) | I26: =IF(C26="","",COUNTIF('📋 Saisie présences'!D28:W28,"ANJ")) | J26: =IF(C26="","",COUNTIF('📋 Saisie présences'!D28:W28,"ABD")) | K26: =IF(C26="","",IF((E26+F26+G26+I26)=0,"",(E26+F26+G26)/(E26+F26+G26+I26))) | L26: =IF(C26="","",IF(J26>0,"❌ ABANDON",IF(K26="","",IF(K26<0.5,"🚨 Risque abandon",IF(K26<0.7,"🚨 Alerte rouge",IF(K26<0.85,"⚠ Alerte orange",IF(K26<0.9,"Vigilance","✓ Excellente")))))))
B28: MOYENNE SESSION | K28: =IFERROR(AVERAGE(K7:K26),0) -> 0.91875 | L28: =COUNTIF(L7:L26,"🚨*")+COUNTIF(L7:L26,"⚠*")&" alerte(s)" -> 1 alerte(s)

Sheet 📞 Procédure relance
B2: 📞 PROCÉDURE DE PRÉVENTION DE L'ABANDON
B3: Documentation des actions de relance — Ind. 12 — Conserver les preuves d'envoi
B6: PROTOCOLE DE RELANCE — 3 NIVEAUX
B7: Niveau | C7: Déclencheur / Délai | E7: Action à mener | F7: Trace requise
B8: Niveau 1 | C8: Sous 48h après 1ère absence non justifiée | E8: Email + appel téléphonique de prise de nouvelles — rappel des engagements — proposition d'écoute | F8: Trace : email + résumé écrit de l'appel
B9: Niveau 2 | C9: Sous 24h après alerte orange/rouge (taux < 85% ou < 70%) | E9: Entretien individuel (présentiel ou visio) — diagnostic des difficultés — ajustements proposés (M28) | F9: Trace : compte-rendu d'entretien signé par les 2 parties
B10: Niveau 3 | C10: Si poursuite des absences malgré niveaux 1-2 ou risque d'abandon avéré | E10: Réunion tripartite (bénéficiaire + responsable péda + employeur/prescripteur si applicable) — décision | F10: Trace : PV de réunion + décision formalisée (poursuite, suspension, abandon)
B13: REGISTRE DES RELANCES EFFECTUÉES
B14: Date | C14: Bénéficiaire | D14: Niveau | E14: Motif déclencheur | F14: Action menée | G14: Suite donnée | H14: Trace conservée
B15: J3 - 12/03/26 | C15: Sophie BERNARD | D15: Niveau 1 | E15: 1ère absence non justifiée | F15: Email envoyé 12/03 14h + appel 13/03 9h | G15: Reprise normale dès J4 | H15: Email + CR appel — dossier
B16: J8 - 22/03/26 | C16: Sophie BERNARD | D16: Niveau 2 | E16: Taux < 70% (3ème ANJ) | F16: Entretien individuel 23/03 — ajustement supports + tutorat 1h | G16: Engagement reprise — suivi rapproché | H16: CR signé — dossier individuel
B17: J9 - 24/03/26 | C17: Thomas LEROY | D17: Niveau 3 | E17: Abandon annoncé par le bénéficiaire | F17: Réunion tripartite 25/03 + employeur — confirmation abandon | G17: Abandon formalisé — clôture dossier | H17: PV de réunion — décision écrite
B31: 💡 Pratique | C31: Toute action de relance doit laisser une trace écrite ET conservée. Une relance non tracée = une relance qui n'existe pas pour l'auditeur. Privilégier les supports écrits (email avec accusé de réception) et les comptes-rendus signés.
